{
  "B1": {
    "macro_f1": {
      "mean": 0.8374184143463654,
      "std": 0.006126674186811594,
      "values": [
        0.8370298057658534,
        0.8258868195048722,
        0.8407468979028528,
        0.8435259528971386,
        0.8399025956611106
      ]
    },
    "auroc": {
      "mean": 0.950543392748366,
      "std": 0.0031245758363065315,
      "values": [
        0.9520126408634567,
        0.9446291046806419,
        0.9515846707440382,
        0.9537945186749314,
        0.9506960287787621
      ]
    },
    "ece": {
      "mean": 0.01785410821040471,
      "std": 0.0061719583161007835,
      "values": [
        0.020408996055523567,
        0.008300257434447613,
        0.019981745382149987,
        0.02646512870987259,
        0.014114413470029808
      ]
    }
  },
  "B2": {
    "macro_f1": {
      "mean": 0.265023669966613,
      "std": 0.011315504811994878,
      "values": [
        0.2649973910291445,
        0.2566511003189103,
        0.2675362101752912,
        0.2514370712648221,
        0.2844965770448969
      ]
    },
    "auroc": {
      "mean": 0.5376366104143041,
      "std": 0.004561055511442107,
      "values": [
        0.5349992285453,
        0.5344847244838572,
        0.5382167450378567,
        0.5341904795859541,
        0.5462918744185522
      ]
    },
    "ece": {
      "mean": 0.6085536741693814,
      "std": 0.010093061176627378,
      "values": [
        0.6151185841361682,
        0.6081356927851835,
        0.6055814645389715,
        0.6220029901564121,
        0.5919296392301718
      ]
    }
  },
  "B3": {
    "macro_f1": {
      "mean": 0.5423775872992894,
      "std": 0.0037465860757019327,
      "values": [
        0.5441245721273734,
        0.5406178172131452,
        0.5399786614907476,
        0.538321657527283,
        0.548845228137898
      ]
    },
    "auroc": {
      "mean": 0.7382029119112545,
      "std": 0.005913502222185466,
      "values": [
        0.7430834897400415,
        0.7423951280439179,
        0.7272176669348055,
        0.7368194275031693,
        0.7414988473343384
      ]
    },
    "ece": {
      "mean": 0.09752331817746164,
      "std": 0.03235479311920037,
      "values": [
        0.07725064379970233,
        0.06815770248572034,
        0.15571062896649043,
        0.10965820242961248,
        0.07683941320578257
      ]
    }
  },
  "B4": {
    "macro_f1": {
      "mean": 0.36849768965784013,
      "std": 0.007580006423935503,
      "values": [
        0.3694265495081024,
        0.3683825145957982,
        0.3680717174723793,
        0.3563424407079388,
        0.38026522600498214
      ]
    },
    "auroc": {
      "mean": 0.5460021219892282,
      "std": 0.005727338927350102,
      "values": [
        0.5441635293886281,
        0.542081111319095,
        0.5433615359341587,
        0.5430257612788782,
        0.5573786720253805
      ]
    },
    "ece": {
      "mean": 0.3910164284745853,
      "std": 0.031930606855977296,
      "values": [
        0.37649475571513175,
        0.367194534967343,
        0.3917763791779677,
        0.45230891317129135,
        0.36730755934119225
      ]
    }
  },
  "B5": {
    "macro_f1": {
      "mean": 0.5504996156137045,
      "std": 0.005378416887266681,
      "values": [
        0.5475697789584463,
        0.5603495175127762,
        0.5444255584311902,
        0.5491331352076215,
        0.5510200879584882
      ]
    },
    "auroc": {
      "mean": 0.7467154125823996,
      "std": 0.006013880999258257,
      "values": [
        0.7503260602203315,
        0.7546130561332166,
        0.7366245759798818,
        0.7448676722835623,
        0.7471456982950059
      ]
    },
    "ece": {
      "mean": 0.07103321528434753,
      "std": 0.02163030867836531,
      "values": [
        0.0620994814435641,
        0.04692498740553855,
        0.11071972137689591,
        0.07408429641524952,
        0.0613375897804896
      ]
    }
  }
}